{"_runtime":1198,"train_loss":0.7985271215438843,"_timestamp":1.7617901398030393e+09,"_step":1172,"_wandb":{"runtime":1198}}