{"_runtime":415,"_wandb":{"runtime":415},"_timestamp":1.7617957582763002e+09,"_step":390,"train_loss":1.2576179504394531}