{"_runtime":888,"train_loss":0.984387218952179,"_timestamp":1.761796919568392e+09,"_step":783,"val_loss":1.2317386035677753,"val_accuracy":58.41,"epoch":1,"_wandb":{"runtime":888}}